Delhi,2015-01-01,313.22,607.98,69.16,36.39,110.59,33.85,15.2,9.25,41.68,14.36,24.86,9.84,472.0,Severe
Delhi,2015-01-02,186.18,269.55,62.09,32.87,88.14,31.83,9.54,6.65,29.97,10.55,20.09,4.29,454.0,Severe
Delhi,2015-01-03,87.18,131.9,25.73,30.31,47.95,69.55,10.61,2.65,19.71,3.91,10.23,1.99,143.0,Moderate
Delhi,2015-01-04,151.84,241.84,25.01,36.91,48.62,130.36,11.54,4.63,25.36,4.26,9.71,3.34,319.0,Very Poor
Delhi,2015-01-05,146.6,219.13,14.01,34.92,38.25,122.88,9.2,3.33,23.2,2.8,6.21,2.96,325.0,Very Poor
Delhi,2015-01-06,149.58,252.1,17.21,37.84,42.46,134.97,9.44,3.66,26.83,3.63,7.35,3.47,318.0,Very Poor
Delhi,2015-01-07,217.87,376.51,26.99,40.15,52.41,134.82,9.78,5.82,28.96,4.93,9.42,5.21,353.0,Very Poor
Delhi,2015-01-08,229.9,360.95,23.34,43.16,51.21,138.13,11.01,3.31,30.51,5.8,11.4,4.83,383.0,Very Poor
Delhi,2015-01-09,201.66,397.43,19.18,38.56,45.6,140.6,11.09,3.48,32.94,5.25,11.12,5.26,375.0,Very Poor
Delhi,2015-01-10,221.02,361.74,24.79,46.39,55.19,134.06,9.7,5.91,34.12,4.87,9.44,4.76,376.0,Very Poor
Delhi,2015-01-11,205.41,393.2,28.46,47.29,57.88,131.1,10.98,5.54,50.37,5.93,10.59,5.36,379.0,Very Poor
Delhi,2015-01-12,212.41,345.63,24.77,44.71,54.66,148.51,9.3,5.17,40.08,6.2,10.68,4.59,375.0,Very Poor
Delhi,2015-01-13,197.61,301.04,34.28,45.88,62.95,145.48,11.52,5.95,39.54,5.18,9.5,4.17,366.0,Very Poor
Delhi,2015-01-14,164.39,227.38,20.78,41.17,48.09,166.7,10.32,4.85,42.05,4.57,10.72,3.06,353.0,Very Poor
Delhi,2015-01-15,166.19,283.93,47.91,56.7,79.73,124.64,10.81,6.94,43.25,6.98,20.55,3.08,340.0,Veray Poor
Delhi,2015-01-16,174.98,309.99,42.33,49.41,70.6,136.4,11.46,4.69,34.7,7.75,15.83,3.75,356.0,Very Poor
Delhi,2015-01-17,196.46,356.2,42.18,53.04,80.18,125.49,8.87,5.13,25.77,9.92,17.59,3.36,360.0,Very Poor
Delhi,2015-01-18,201.51,359.75,45.51,53.77,75.83,120.45,8.99,5.43,23.22,9.0,20.95,4.03,370.0,Very Poor
Delhi,2015-01-19,183.35,305.13,27.32,39.88,55.67,148.49,9.02,4.21,25.34,5.57,12.93,3.62,362.0,Very Poor
Delhi,2015-01-20,165.63,257.04,16.47,34.23,37.68,146.31,8.03,4.11,22.69,3.42,6.76,3.28,340.0,Very Poor
Delhi,2015-01-21,159.54,235.27,12.27,22.56,33.02,63.23,9.01,7.05,18.56,4.1,8.26,2.72,338.0,Very Poor
Delhi,2015-01-22,143.68,183.89,14.75,21.82,34.88,39.65,10.58,8.64,6.94,4.15,9.54,2.78,332.0,Very Poor
Delhi,2015-01-23,128.73,136.07,11.99,17.35,29.46,39.98,8.74,6.77,10.91,2.51,7.64,2.49,254.0,Poor
Delhi,2015-01-24,164.98,200.02,10.38,15.77,25.49,38.77,9.39,8.89,9.35,2.6,5.5,2.94,324.0,Very Poor
Delhi,2015-01-25,148.59,203.81,11.82,20.83,28.29,45.62,11.44,5.96,16.65,3.37,6.98,2.94,333.0,Very Poor
Delhi,2015-01-26,129.34,137.86,12.46,25.66,29.48,60.96,10.19,6.78,18.18,3.0,5.87,2.51,292.0,Poor
Delhi,2015-01-27,154.2,217.2,14.41,30.39,34.63,40.96,10.36,6.42,17.11,3.31,6.31,3.07,318.0,Very Poor
Delhi,2015-01-28,134.6,156.9,18.96,28.6,35.57,49.71,10.21,5.21,15.23,3.27,6.86,2.63,295.0,Poor
Delhi,2015-01-29,173.13,277.0,23.14,38.34,48.89,62.03,11.74,5.53,16.29,4.02,9.84,3.42,327.0,Very Poor
Delhi,2015-01-30,178.04,272.61,19.8,38.43,44.45,69.78,11.58,6.43,14.91,3.65,6.61,3.35,345.0,Very Poor
Delhi,2015-01-31,158.59,207.06,30.67,41.36,57.77,67.66,8.7,5.03,17.51,4.36,8.98,2.54,334.0,Very Poor
Delhi,2015-02-01,211.59,371.05,57.56,58.17,93.17,96.69,13.08,9.9,23.28,6.65,15.45,3.36,358.0,Very Poor
Delhi,2015-02-02,163.64,219.84,13.7,37.25,39.34,84.49,10.59,5.31,28.38,2.53,4.69,2.58,349.0,Very Poor
Delhi,2015-02-03,157.71,194.09,12.28,31.05,34.1,66.38,8.21,5.64,28.56,2.13,4.24,1.12,334.0,Very Poor
Delhi,2015-02-04,137.26,147.08,15.21,29.69,36.06,53.28,9.11,5.06,15.07,3.04,6.31,2.79,313.0,Very Poor
Delhi,2015-02-05,131.76,127.42,23.15,36.51,47.4,51.24,8.18,4.85,21.7,4.92,10.17,3.33,262.0,Poor
Delhi,2015-02-06,151.6,330.99,46.66,67.0,84.76,63.45,5.51,9.13,33.92,9.46,19.7,9.77,303.0,Very Poor
Delhi,2015-02-07,160.75,210.52,37.54,57.69,71.68,58.15,10.28,6.91,43.44,5.5,14.95,6.68,329.0,Very Poor
Delhi,2015-02-08,145.34,215.69,30.54,50.39,61.78,66.72,5.39,8.66,30.43,2.42,6.5,0.57,323.0,Very Poor
Delhi,2015-02-09,134.67,109.86,19.95,39.18,44.48,74.29,5.11,9.7,20.62,2.59,3.17,1.24,266.0,Poor
Delhi,2015-02-10,153.07,218.23,23.41,42.2,48.01,79.54,10.88,5.81,19.02,5.58,7.1,7.93,319.0,Very Poor
Delhi,2015-02-11,116.91,316.14,33.79,53.63,64.04,95.13,12.64,7.54,27.17,5.96,5.59,10.72,334.0,Very Poor
Delhi,2015-02-12,177.98,394.97,30.48,42.73,58.19,69.47,13.75,9.2,25.58,3.5,7.38,10.65,342.0,Very Poor
Delhi,2015-02-13,167.01,328.43,32.23,44.61,55.13,83.96,11.26,7.77,27.62,3.53,7.69,11.45,341.0,Very Poor
Delhi,2015-02-14,193.96,412.46,81.47,53.81,107.76,137.27,11.73,9.36,34.22,9.01,17.88,14.17,377.0,Very Poor
Delhi,2015-02-15,184.06,497.37,44.16,58.15,75.98,61.89,13.78,9.13,40.91,4.79,8.98,12.44,391.0,Very Poor
Delhi,2015-02-16,152.62,310.74,24.32,44.22,49.67,74.74,11.55,6.79,34.36,2.84,5.37,3.49,358.0,Very Poor
Delhi,2015-02-17,161.27,195.78,23.71,25.4,42.76,75.66,10.3,5.6,41.62,3.04,5.62,3.78,327.0,Very Poor
Delhi,2015-02-18,188.2,253.53,69.2,60.29,104.31,79.83,16.23,8.65,36.54,8.34,16.27,4.38,365.0,Very Poor
Delhi,2015-02-19,159.97,193.78,24.53,40.51,47.8,81.44,13.11,5.08,31.88,3.11,6.12,3.49,352.0,Very Poor
Delhi,2015-02-20,144.12,162.2,18.1,34.71,40.32,81.04,11.45,5.93,31.61,2.35,6.76,4.07,317.0,Very Poor
Delhi,2015-02-21,155.38,191.03,35.51,45.11,57.91,69.59,14.21,12.24,30.11,4.69,16.48,9.41,320.0,Very Poor
Delhi,2015-02-22,124.1,107.61,15.38,31.83,32.15,70.25,9.73,5.68,27.19,0.88,3.13,1.44,279.0,Poor
Delhi,2015-02-23,141.39,157.01,21.95,38.23,42.71,36.38,9.29,9.43,36.86,2.02,11.23,10.87,281.0,Poor
Delhi,2015-02-24,170.16,238.33,36.04,48.4,60.78,34.14,14.17,9.28,37.39,4.28,22.47,17.65,354.0,Very Poor
Delhi,2015-02-25,148.19,169.57,14.79,29.28,34.14,34.91,14.13,5.94,31.57,2.06,6.92,1.75,340.0,Very Poor
Delhi,2015-02-26,140.78,171.64,11.34,20.95,26.65,23.22,13.61,6.98,28.72,1.81,6.96,3.64,323.0,Very Poor
Delhi,2015-02-27,130.42,163.67,13.85,24.75,31.46,22.36,12.78,12.12,34.08,2.14,8.56,4.34,315.0,Very Poor
Delhi,2015-02-28,105.86,169.28,9.21,20.65,25.3,16.49,11.8,12.48,41.38,1.97,7.83,1.25,310.0,Very Poor
Delhi,2015-03-01,71.83,98.89,8.49,21.42,19.55,12.44,11.62,10.99,22.51,1.38,4.63,2.6,324.0,Very Poor
Delhi,2015-03-02,53.71,60.15,11.02,13.43,20.48,19.11,10.19,3.21,22.08,0.91,3.45,0.69,226.0,Poor
Delhi,2015-03-03,83.49,112.1,16.23,23.75,30.88,16.04,11.72,5.07,20.83,2.13,8.11,2.41,266.0,Poor
Delhi,2015-03-04,91.07,139.15,13.71,24.28,28.73,17.44,10.64,4.68,25.83,1.6,8.05,6.62,200.0,Moderate
Delhi,2015-03-05,106.57,196.19,25.97,31.12,45.48,28.86,9.36,5.97,32.88,3.27,15.12,10.65,275.0,Poor
Delhi,2015-03-06,101.75,163.14,20.56,26.59,34.17,32.04,10.55,5.96,33.67,2.45,9.31,7.14,322.0,Very Poor
Delhi,2015-03-07,77.57,90.54,12.07,19.15,24.66,16.83,9.48,5.18,23.09,1.68,6.31,1.25,216.0,Poor
Delhi,2015-03-08,63.24,80.2,13.52,20.35,27.44,16.12,8.19,3.98,20.71,1.69,6.09,1.35,108.0,Moderate
Delhi,2015-03-09,76.62,117.38,10.49,18.21,22.84,15.2,9.02,4.2,22.85,1.12,4.32,1.97,197.0,Moderate
Delhi,2015-03-10,86.7,150.92,11.44,18.82,25.78,18.88,7.98,3.84,25.87,1.51,5.62,4.8,238.0,Poor
Delhi,2015-03-11,104.29,176.2,14.94,25.63,32.66,29.48,10.76,6.3,29.62,2.32,7.74,1.91,274.0,Poor
Delhi,2015-03-12,115.93,203.75,18.48,32.29,37.84,30.72,11.3,7.03,35.05,2.9,12.42,15.16,315.0,Very Poor
Delhi,2015-03-13,108.66,173.89,15.61,30.75,37.02,23.31,10.23,10.65,34.05,3.41,14.88,9.81,307.0,Very Poor
Delhi,2015-03-14,67.94,105.29,14.3,29.78,32.1,29.21,9.18,10.14,23.39,2.42,9.14,0.8,208.0,Poor
Delhi,2015-03-15,38.89,46.68,9.49,17.76,21.45,30.59,8.23,4.25,22.0,1.03,4.45,1.38,165.0,Moderate
Delhi,2015-03-16,45.39,74.14,10.2,17.14,22.27,33.16,7.87,8.8,25.55,1.05,4.83,0.74,188.0,Moderate
Delhi,2015-03-17,55.55,104.33,12.18,20.96,25.28,39.8,10.45,7.19,23.11,1.55,6.39,4.07,217.0,Poor
Delhi,2015-03-18,50.59,95.56,9.32,16.6,21.74,39.16,7.83,3.6,27.5,1.11,4.42,3.67,191.0,Moderate
Delhi,2015-03-19,69.51,136.67,14.05,23.77,30.29,36.77,7.89,4.97,27.07,3.23,8.67,7.55,240.0,Poor
Delhi,2015-03-20,96.62,168.0,19.15,29.04,37.12,35.07,9.59,6.66,29.01,5.67,17.61,22.01,229.0,Poor
Delhi,2015-03-21,96.28,172.91,20.18,29.21,37.78,32.01,8.82,7.31,25.97,7.79,16.65,17.47,248.0,Poor
Delhi,2015-03-22,72.2,122.12,9.39,20.27,23.15,32.52,8.5,4.4,25.48,2.67,6.07,5.96,204.0,Poor
Delhi,2015-03-23,78.47,131.42,12.57,23.04,28.5,32.13,8.6,4.07,27.1,5.45,13.55,10.98,271.0,Poor
Delhi,2015-03-24,91.87,179.36,21.3,30.01,40.31,31.79,10.1,7.35,34.78,9.72,16.21,15.64,290.0,Poor
Delhi,2015-03-25,107.26,201.08,21.52,33.82,42.98,27.92,11.69,11.82,45.78,4.93,11.03,9.98,340.0,Very Poor
Delhi,2015-03-26,109.78,217.9,24.1,33.02,44.26,28.0,12.67,9.3,40.0,6.64,10.31,2.53,358.0,Very Poor
Delhi,2015-03-27,62.27,117.81,12.01,24.76,27.71,27.34,9.29,10.91,31.08,4.14,4.26,2.0,287.0,Poor
Delhi,2015-03-28,102.22,212.96,22.14,29.41,40.44,32.82,10.47,17.16,40.23,3.87,9.33,2.54,323.0,Very Poor
Delhi,2015-03-29,104.36,202.01,23.55,33.86,43.2,37.35,14.42,16.92,32.84,3.96,9.87,2.51,360.0,Very Poor
Delhi,2015-03-30,44.19,57.0,7.11,17.6,19.91,28.77,9.58,7.75,26.81,1.45,3.4,1.53,268.0,Poor
Delhi,2015-03-31,55.66,78.64,10.22,20.13,26.74,30.62,9.56,9.34,34.15,2.01,4.89,1.8,283.0,Poor
Delhi,2015-04-01,112.86,167.6,24.6,32.71,45.12,36.05,10.15,19.48,38.45,4.04,9.07,2.42,309.0,Very Poor
Delhi,2015-04-02,78.51,112.78,9.82,20.54,27.51,31.04,6.72,14.37,35.54,2.17,4.2,2.32,249.0,Poor
Delhi,2015-04-03,66.52,76.05,11.21,18.47,27.79,35.48,8.24,10.62,24.85,2.32,5.02,3.05,245.0,Poor
Delhi,2015-04-04,62.56,86.11,10.66,24.96,30.36,28.46,5.52,12.94,27.98,2.39,6.04,2.45,229.0,Poor
Delhi,2015-04-05,78.61,145.1,13.0,27.75,39.45,32.3,7.97,16.72,40.79,3.3,8.08,2.19,234.0,Poor
Delhi,2015-04-06,119.7,195.47,34.3,32.83,59.96,44.66,11.01,16.63,30.32,5.7,14.32,2.64,343.0,Very Poor
Delhi,2015-04-07,66.09,95.81,7.57,24.47,30.04,29.78,7.29,8.34,43.23,1.89,4.65,1.89,262.0,Poor
Delhi,2015-04-08,95.34,120.2,11.64,34.72,37.7,24.84,9.28,17.99,61.68,2.72,7.17,2.06,308.0,Very Poor
Delhi,2015-04-09,63.57,148.17,11.33,35.15,41.13,30.04,6.57,10.48,35.18,2.45,6.82,2.1,293.0,Poor
Delhi,2015-04-10,96.56,203.67,17.46,52.77,62.06,30.32,4.63,15.8,59.88,3.47,9.68,2.29,290.0,Poor
Delhi,2015-04-11,131.39,234.65,22.86,59.52,72.68,34.01,5.84,21.5,73.72,4.56,14.16,2.57,375.0,Very Poor
Delhi,2015-04-12,75.35,91.73,9.63,45.3,40.75,28.79,7.73,13.08,49.21,1.98,6.71,1.85,293.0,Poor
Delhi,2015-04-13,86.49,116.62,14.18,50.3,56.07,38.86,3.67,14.99,62.52,2.5,8.84,2.06,247.0,Poor
Delhi,2015-04-14,77.07,132.68,13.41,42.65,50.06,36.68,6.85,14.04,55.44,2.13,7.25,2.0,232.0,Poor
Delhi,2015-04-15,98.79,161.43,18.39,47.41,45.1,34.8,11.65,13.75,31.14,2.4,7.07,2.16,316.0,Very Poor
Delhi,2015-04-16,81.81,164.56,18.2,44.06,58.92,37.84,5.94,21.44,59.29,2.64,10.67,2.37,295.0,Poor
Delhi,2015-04-17,65.78,180.67,18.75,40.09,55.98,30.04,7.38,14.34,54.47,3.23,10.23,3.16,246.0,Poor
Delhi,2015-04-18,119.82,268.65,26.27,51.11,66.92,28.99,8.21,17.21,65.72,4.32,13.89,4.52,378.0,Very Poor
Delhi,2015-04-19,125.53,308.82,32.69,64.73,87.58,34.39,8.84,18.02,65.08,4.88,17.48,4.88,406.0,Severe
Delhi,2015-04-20,121.51,336.63,18.14,60.41,68.41,33.63,6.75,20.98,87.04,3.08,10.2,4.6,392.0,Very Poor
Delhi,2015-04-21,114.5,327.81,23.52,50.7,63.45,30.3,6.84,19.38,74.49,4.22,13.04,4.27,391.0,Very Poor
Delhi,2015-04-22,101.83,279.41,26.26,55.27,72.67,24.36,7.36,19.29,69.41,4.74,14.52,3.72,368.0,Very Poor
Delhi,2015-04-23,118.57,273.68,33.93,76.46,96.19,29.32,6.58,21.81,76.14,5.0,18.21,4.45,365.0,Very Poor
Delhi,2015-04-24,143.22,313.53,42.58,88.61,108.55,36.5,6.42,26.89,89.42,5.63,22.15,4.61,383.0,Very Poor
Delhi,2015-04-25,106.76,318.88,22.5,58.87,71.34,37.0,6.75,17.56,93.54,3.15,12.73,3.99,367.0,Very Poor
Delhi,2015-04-26,65.36,160.3,13.17,31.23,38.68,32.83,8.44,12.67,77.43,1.9,6.65,2.72,334.0,Very Poor
Delhi,2015-04-27,67.08,174.5,13.18,35.54,44.09,32.27,4.76,11.92,70.74,1.86,6.09,2.97,258.0,Poor
Delhi,2015-04-28,81.37,141.25,11.98,34.88,43.91,29.46,4.67,13.97,70.42,1.66,6.08,2.79,234.0,Poor
Delhi,2015-04-29,63.76,131.56,12.09,42.98,51.34,29.93,7.16,13.98,61.86,1.94,7.31,2.68,257.0,Poor
Delhi,2015-04-30,60.56,171.42,12.0,43.9,48.72,29.08,7.33,12.85,60.18,2.03,6.47,2.71,259.0,Poor
Delhi,2015-05-01,76.1,192.81,13.14,42.99,52.01,26.55,7.63,13.1,53.16,2.02,9.5,2.21,279.0,Poor
Delhi,2015-05-02,72.66,206.1,25.56,62.09,76.22,26.99,9.46,16.16,43.06,3.47,15.83,,312.0,Very Poor
Delhi,2015-05-03,121.94,334.02,52.12,83.3,100.84,35.46,11.95,19.43,41.71,6.62,32.11,,372.0,Very Poor
Delhi,2015-05-04,108.98,326.71,52.0,85.5,112.64,31.33,8.08,17.53,37.7,6.19,26.87,,387.0,Very Poor
Delhi,2015-05-05,145.99,366.85,75.13,107.85,150.76,35.82,6.65,26.0,50.27,7.43,35.57,,408.0,Severe
Delhi,2015-05-06,171.33,346.98,53.42,87.88,122.67,39.27,7.1,25.26,92.66,5.92,28.97,,398.0,Very Poor
Delhi,2015-05-07,117.76,343.12,19.74,63.18,73.07,35.52,9.64,24.63,75.6,3.99,12.65,,403.0,Severe
Delhi,2015-05-08,90.66,305.38,25.55,56.54,73.9,30.52,6.65,20.79,74.84,3.96,8.6,,361.0,Very Poor
Delhi,2015-05-09,106.4,285.38,43.33,63.57,96.25,34.25,9.35,18.15,76.38,4.09,11.93,,378.0,Very Poor
Delhi,2015-05-10,101.21,283.47,20.83,57.51,65.08,31.32,10.6,16.92,67.97,3.3,10.36,,381.0,Very Poor
Delhi,2015-05-11,97.57,336.82,11.91,42.7,48.43,36.11,8.79,15.11,87.93,2.21,5.94,,388.0,Very Poor
Delhi,2015-05-12,96.34,293.26,11.54,43.04,48.09,52.21,6.27,10.84,83.43,1.74,5.4,,346.0,Very Poor
Delhi,2015-05-13,83.42,174.52,10.5,48.61,45.79,56.95,8.14,9.08,55.62,2.29,7.15,,328.0,Very Poor
Delhi,2015-05-14,78.06,196.08,16.38,42.22,53.26,47.74,7.24,10.42,57.1,2.49,7.56,,291.0,Poor
Delhi,2015-05-15,97.87,240.34,27.46,63.55,81.14,44.08,10.81,15.02,77.87,3.2,11.05,,396.0,Very Poor
Delhi,2015-05-16,77.52,186.28,24.05,75.5,91.36,41.94,6.17,15.03,73.24,2.16,5.81,,297.0,Poor
Delhi,2015-05-17,97.16,188.39,15.83,57.63,65.15,43.23,8.4,20.15,70.29,1.68,4.74,,345.0,Very Poor
Delhi,2015-05-18,66.85,172.35,9.2,47.64,55.88,40.95,7.46,15.04,79.02,1.69,3.99,,296.0,Poor
Delhi,2015-05-19,89.85,240.31,16.42,75.47,70.51,40.32,8.04,14.58,79.55,1.82,5.59,,319.0,Very Poor
Delhi,2015-05-20,67.41,176.25,21.7,52.69,60.6,42.24,6.11,20.3,57.17,2.01,4.94,,282.0,Poor
Delhi,2015-05-21,75.54,335.13,27.16,53.03,63.55,56.95,8.25,14.85,42.61,2.16,5.19,,352.0,Very Poor
Delhi,2015-05-22,67.91,235.99,34.97,56.84,77.1,45.91,8.32,14.77,64.34,1.8,3.94,,338.0,Very Poor
Delhi,2015-05-23,69.02,313.73,38.94,52.79,75.32,36.5,7.06,10.73,66.63,1.52,3.62,,321.0,Very Poor
Delhi,2015-05-24,79.1,251.52,32.09,56.29,69.04,37.22,8.56,18.96,60.08,7.08,7.12,,295.0,Poor
Delhi,2015-05-25,117.27,340.66,51.72,60.65,102.66,40.26,7.66,11.78,95.72,1.69,5.27,,344.0,Very Poor
Delhi,2015-05-26,96.09,311.08,24.98,51.77,70.51,33.51,5.25,9.9,79.4,1.59,3.57,,337.0,Very Poor
Delhi,2015-05-27,84.71,231.35,42.01,70.43,91.54,29.05,8.54,17.48,80.71,2.44,5.37,,355.0,Very Poor
Delhi,2015-05-28,182.76,436.17,54.87,72.67,100.54,35.74,6.89,14.33,83.33,2.5,6.62,,371.0,Very Poor
Delhi,2015-05-29,106.61,275.6,37.21,64.94,87.55,41.74,8.48,12.9,76.1,1.94,5.71,,414.0,Severe
Delhi,2015-05-30,92.68,239.12,47.05,65.26,103.71,40.66,7.59,17.68,69.95,2.59,7.66,,366.0,Very Poor
Delhi,2015-05-31,73.62,236.8,19.04,41.86,52.3,36.27,7.12,13.08,87.47,1.66,3.31,,346.0,Very Poor
Delhi,2015-06-01,49.42,175.39,15.74,48.55,61.72,35.12,5.03,9.96,72.89,1.26,3.71,,289.0,Poor
Delhi,2015-06-02,52.51,117.86,18.64,54.29,68.84,46.09,6.67,6.73,56.2,1.51,3.98,,297.0,Poor
Delhi,2015-06-03,65.28,137.7,24.46,65.25,91.72,54.47,4.98,6.31,41.92,1.8,5.8,,268.0,Poor
Delhi,2015-06-04,85.45,170.55,15.02,62.38,71.04,57.58,3.83,5.53,63.0,3.19,8.0,,259.0,Poor
Delhi,2015-06-05,83.02,241.67,16.05,62.63,52.93,75.0,11.36,4.12,52.03,2.6,7.32,,327.0,Very Poor
Delhi,2015-06-06,44.54,119.29,11.64,46.37,46.37,71.88,11.94,7.37,37.09,2.38,6.02,,384.0,Very Poor
Delhi,2015-06-07,85.03,186.2,25.76,77.07,91.29,46.57,3.51,9.53,88.63,2.43,6.95,,299.0,Poor
Delhi,2015-06-08,137.7,269.3,52.45,109.34,109.95,50.63,1.56,10.44,86.2,2.82,9.42,,282.0,Poor
Delhi,2015-06-09,136.05,393.7,45.61,76.88,83.43,46.56,1.38,8.84,58.0,2.75,6.91,,442.0,Severe
Delhi,2015-06-10,63.77,166.31,12.93,31.27,34.21,43.33,2.58,5.91,56.84,1.83,3.83,,309.0,Very Poor
Delhi,2015-06-11,115.57,259.73,4.41,32.99,26.63,35.31,1.24,6.02,138.5,1.52,3.79,,270.0,Poor
Delhi,2015-06-12,83.29,180.06,14.51,36.36,37.13,40.11,1.19,5.52,68.6,1.86,4.5,,239.0,Poor
Delhi,2015-06-13,73.7,158.24,24.38,52.9,64.56,41.36,1.36,5.34,53.02,1.71,5.25,,214.0,Poor
Delhi,2015-06-14,74.56,121.44,15.9,68.76,71.74,56.02,1.35,5.33,60.88,1.63,6.44,,166.0,Moderate
Delhi,2015-06-15,106.11,206.42,17.76,72.79,73.34,60.68,1.62,6.3,86.86,2.8,8.15,,234.0,Poor
Delhi,2015-06-16,132.21,282.05,45.43,81.57,109.14,59.1,1.73,6.16,82.42,4.07,13.65,,331.0,Very Poor
Delhi,2015-06-17,123.56,271.79,32.84,70.96,82.45,55.88,1.57,6.95,74.01,3.18,8.21,,327.0,Very Poor
Delhi,2015-06-18,132.21,268.84,34.59,94.25,108.25,59.55,1.82,9.31,87.24,3.87,10.16,,313.0,Very Poor
Delhi,2015-06-19,110.65,216.46,10.75,65.21,61.04,55.65,1.38,7.8,76.58,2.17,5.76,,284.0,Poor
Delhi,2015-06-20,80.31,160.22,5.92,52.7,45.57,48.06,1.29,10.22,69.37,1.17,4.34,,239.0,Poor
Delhi,2015-06-21,59.73,82.7,7.05,50.78,40.03,66.21,1.59,6.11,52.78,1.08,4.73,,149.0,Moderate
Delhi,2015-06-22,85.4,139.2,10.93,58.88,56.1,50.28,1.34,6.18,59.49,1.66,7.01,,172.0,Moderate
Delhi,2015-06-23,101.99,152.18,18.2,61.18,67.45,51.94,1.41,7.9,77.04,2.42,7.98,,226.0,Poor
Delhi,2015-06-24,126.07,214.45,14.98,60.31,86.44,62.47,1.37,8.09,83.13,2.45,7.86,,261.0,Poor
Delhi,2015-06-25,37.59,62.38,17.17,44.72,104.26,50.86,1.25,7.67,46.7,1.69,5.27,,188.0,Moderate
Delhi,2015-06-26,76.0,182.48,32.6,46.88,101.06,45.56,1.04,6.84,60.99,2.08,6.36,,192.0,Moderate
Delhi,2015-06-27,69.46,195.2,19.12,38.55,69.98,42.36,1.01,7.28,53.19,1.39,3.4,,207.0,Poor
Delhi,2015-06-28,79.84,214.78,20.29,47.19,92.99,41.99,1.13,7.53,58.34,1.4,3.86,,219.0,Poor
Delhi,2015-06-29,48.5,96.78,5.47,38.37,81.25,43.97,1.07,7.74,52.21,0.89,3.04,,193.0,Moderate
Delhi,2015-06-30,53.79,109.92,8.54,46.06,108.22,41.11,1.05,9.15,58.33,1.16,4.92,,170.0,Moderate
Delhi,2015-07-01,57.99,135.43,8.88,49.64,103.97,40.5,1.06,8.88,61.42,1.62,6.78,,185.0,Moderate
Delhi,2015-07-02,67.12,175.9,12.29,52.45,110.32,39.09,1.12,6.86,61.7,1.61,5.71,,220.0,Poor
Delhi,2015-07-03,65.25,219.31,19.11,37.09,64.79,37.32,0.99,8.91,59.66,1.29,3.34,,225.0,Poor
Delhi,2015-07-04,88.75,212.16,20.9,35.54,45.93,61.61,0.98,7.24,56.61,0.85,1.81,,250.0,Poor
Delhi,2015-07-05,135.92,435.2,19.63,36.89,49.31,64.99,1.17,6.42,58.36,1.04,2.73,,282.0,Poor
Delhi,2015-07-06,60.27,143.86,15.17,44.07,109.71,38.68,1.1,7.91,58.07,1.08,3.78,,298.0,Poor
Delhi,2015-07-07,52.2,78.64,12.97,51.7,109.52,42.09,1.34,7.82,53.72,1.79,6.76,,175.0,Moderate
Delhi,2015-07-08,67.92,127.38,11.17,52.69,131.9,42.84,1.17,7.94,53.94,2.24,8.08,,217.0,Poor
Delhi,2015-07-09,65.95,128.93,25.82,53.39,152.12,48.61,1.4,7.86,42.58,2.8,9.57,,234.0,Poor
Delhi,2015-07-10,47.68,95.1,26.94,46.71,173.98,53.64,1.26,8.97,35.79,2.24,9.43,,188.0,Moderate
Delhi,2015-07-11,29.08,41.31,31.49,51.39,254.8,42.6,7.23,8.61,54.03,2.04,8.46,,253.0,Poor
Delhi,2015-07-12,32.29,34.16,12.34,32.77,117.79,48.01,1.27,7.15,40.41,2.18,6.13,,198.0,Moderate
Delhi,2015-07-13,36.68,54.36,12.21,37.71,105.59,41.83,1.3,8.11,37.7,1.96,6.02,,148.0,Moderate
Delhi,2015-07-14,44.48,112.83,13.94,43.46,94.25,49.32,1.3,8.04,46.71,1.88,6.34,,141.0,Moderate
Delhi,2015-07-15,63.79,243.97,30.37,38.05,89.67,44.18,1.07,9.62,52.2,1.41,4.49,,218.0,Poor
Delhi,2015-07-16,77.2,244.69,22.06,36.72,102.35,31.83,1.02,10.29,72.44,1.11,4.61,,268.0,Poor
Delhi,2015-07-17,77.99,148.95,13.99,42.07,128.36,40.17,1.88,12.46,61.43,1.95,7.66,,232.0,Poor
Delhi,2015-07-18,71.11,148.87,24.83,48.79,149.07,42.26,1.84,10.77,56.32,3.78,14.23,,204.0,Poor
Delhi,2015-07-19,67.39,144.11,23.65,52.87,155.27,42.68,1.28,10.4,59.05,2.6,10.15,,220.0,Poor
Delhi,2015-07-20,49.58,83.22,16.89,62.37,196.68,41.37,1.24,10.17,61.55,1.82,7.33,,223.0,Poor
Delhi,2015-07-21,40.97,78.76,12.25,46.3,151.32,38.36,1.14,12.19,46.98,2.04,8.56,,218.0,Poor
Delhi,2015-07-22,38.97,85.89,19.43,41.41,132.19,36.49,2.73,20.43,44.49,5.82,16.67,,165.0,Moderate
Delhi,2015-07-23,34.02,81.25,11.59,39.98,116.55,33.95,2.42,16.71,49.72,7.2,7.77,,155.0,Moderate
Delhi,2015-07-24,46.13,94.49,9.1,43.99,146.4,37.38,0.98,16.01,47.11,1.25,5.68,,154.0,Moderate
Delhi,2015-07-25,46.01,97.0,10.2,42.86,141.1,37.05,1.0,15.58,45.9,1.45,5.43,,184.0,Moderate
Delhi,2015-07-26,29.81,86.01,8.06,30.66,106.81,33.05,0.81,15.09,40.73,0.87,4.39,,150.0,Moderate
Delhi,2015-07-27,22.82,53.28,10.02,33.21,113.43,30.92,0.83,12.69,36.65,0.82,2.92,,125.0,Moderate
Delhi,2015-07-28,24.69,51.98,10.03,40.25,127.68,28.99,0.74,7.61,38.49,0.87,2.57,,160.0,Moderate
Delhi,2015-07-29,29.04,56.7,12.18,35.69,126.64,28.56,0.66,9.68,35.89,0.94,3.14,,142.0,Moderate
Delhi,2015-07-30,25.76,47.91,13.51,32.96,105.81,29.31,1.2,9.49,26.26,0.89,3.24,,181.0,Moderate
Delhi,2015-07-31,37.85,122.18,27.39,35.9,119.1,25.17,1.6,9.7,36.57,1.33,4.92,,196.0,Moderate
Delhi,2015-08-01,41.32,126.33,29.5,35.14,139.85,23.1,1.08,10.8,41.27,1.41,5.16,,181.0,Moderate
Delhi,2015-08-02,47.81,123.24,40.08,37.96,165.43,24.2,0.82,10.27,46.38,1.61,6.87,,213.0,Poor
Delhi,2015-08-03,56.02,154.28,28.95,40.17,129.29,30.76,0.78,8.75,45.97,1.65,6.16,,175.0,Moderate
Delhi,2015-08-04,54.46,136.88,19.25,46.74,142.99,31.77,1.21,9.72,56.88,1.66,5.74,,184.0,Moderate
Delhi,2015-08-05,59.13,117.08,25.28,52.78,164.51,37.94,1.67,10.41,54.66,2.33,9.61,,228.0,Poor
Delhi,2015-08-06,65.47,126.56,24.45,52.51,205.02,37.79,1.17,10.73,60.57,2.23,10.66,,214.0,Poor
Delhi,2015-08-07,64.58,154.92,19.7,48.24,202.11,39.64,1.75,10.22,68.17,2.06,8.98,,254.0,Poor
Delhi,2015-08-08,70.05,149.92,21.3,50.51,200.34,43.18,2.26,7.68,62.76,2.31,10.19,,258.0,Poor
Delhi,2015-08-09,55.51,105.17,31.18,39.47,167.5,36.5,1.24,5.83,45.4,2.22,9.54,,244.0,Poor
Delhi,2015-08-10,82.27,140.54,50.39,45.46,225.79,35.68,1.43,6.9,61.52,2.5,9.99,,209.0,Poor
Delhi,2015-08-11,77.04,137.74,31.89,49.43,215.75,41.69,2.11,6.23,62.67,2.94,10.85,,283.0,Poor
Delhi,2015-08-12,52.45,87.66,17.96,45.71,138.01,39.85,1.3,6.69,55.37,2.07,6.55,,223.0,Poor
Delhi,2015-08-13,61.66,116.55,47.8,52.76,189.02,39.16,1.16,9.82,80.63,3.11,9.53,,205.0,Poor
Delhi,2015-08-14,65.67,159.75,25.2,50.96,194.75,38.58,1.52,10.82,69.27,2.58,8.99,,252.0,Poor
Delhi,2015-08-15,51.4,91.81,15.68,44.4,157.69,33.42,0.94,10.53,44.93,1.68,5.46,,198.0,Moderate
Delhi,2015-08-16,55.71,93.33,37.6,48.39,187.78,33.29,1.06,10.46,44.79,1.96,6.53,,197.0,Moderate
Delhi,2015-08-17,61.84,134.2,28.12,44.41,148.85,29.73,1.09,11.22,45.05,2.09,7.08,,184.0,Moderate
Delhi,2015-08-18,60.65,126.2,18.21,56.15,133.24,32.71,1.02,12.39,48.86,2.08,6.64,,197.0,Moderate
Delhi,2015-08-19,34.42,124.17,28.15,36.47,119.94,25.85,0.87,9.63,38.86,0.83,4.46,,140.0,Moderate
Delhi,2015-08-20,40.83,210.86,32.66,32.0,72.35,20.57,0.78,11.59,42.13,0.7,2.82,,232.0,Poor
Delhi,2015-08-21,50.97,214.05,42.48,35.87,84.88,21.67,1.12,12.09,57.47,0.83,5.43,,271.0,Poor
Delhi,2015-08-22,46.74,149.06,26.74,40.28,61.52,28.2,0.9,9.56,52.48,2.13,6.5,,207.0,Poor
Delhi,2015-08-23,44.67,138.12,21.72,33.76,52.07,33.25,0.78,9.53,33.94,2.26,7.64,,127.0,Moderate
Delhi,2015-08-24,37.39,108.4,31.1,44.61,68.41,38.16,0.97,10.67,38.73,1.78,6.41,,123.0,Moderate
Delhi,2015-08-25,52.06,222.39,21.93,39.88,56.22,36.07,0.93,9.12,44.9,1.73,5.34,,175.0,Moderate
Delhi,2015-08-26,57.52,236.94,24.24,37.85,55.54,31.88,1.08,9.36,40.43,1.76,5.93,,245.0,Poor
Delhi,2015-08-27,61.47,237.68,32.28,40.41,74.7,25.74,1.35,10.59,56.61,2.37,7.75,,248.0,Poor
Delhi,2015-08-28,77.76,206.22,12.44,50.74,57.41,32.56,1.64,11.92,64.07,3.01,10.12,,247.0,Poor
Delhi,2015-08-29,68.53,260.48,35.03,49.3,91.78,31.16,1.09,11.11,65.56,2.85,8.82,,292.0,Poor
Delhi,2015-08-30,57.85,230.76,28.21,39.84,71.42,28.16,1.11,10.39,62.61,2.28,6.71,,266.0,Poor
Delhi,2015-08-31,51.67,220.14,24.52,32.53,57.84,23.0,0.96,12.77,60.73,1.94,6.0,,288.0,Poor
Delhi,2015-09-01,73.78,230.34,17.83,27.42,45.7,18.96,1.28,10.45,61.33,2.15,5.67,3.27,210.0,Poor
Delhi,2015-09-02,97.63,318.24,31.64,29.16,66.15,18.6,1.14,10.79,72.47,2.86,6.94,4.09,298.0,Poor
Delhi,2015-09-03,99.5,278.36,33.04,35.31,67.05,17.86,1.17,9.82,72.94,3.85,10.55,4.02,315.0,Very Poor
Delhi,2015-09-04,97.31,284.54,50.0,41.7,90.18,23.02,1.36,14.94,71.5,4.88,18.75,3.97,368.0,Very Poor
Delhi,2015-09-05,76.43,201.89,24.24,29.5,52.24,26.99,1.38,16.93,56.59,2.89,6.72,3.55,266.0,Poor
Delhi,2015-09-06,61.69,168.63,17.36,27.81,41.56,23.17,1.19,16.71,49.32,2.17,5.08,3.21,174.0,Moderate
Delhi,2015-09-07,55.19,179.42,27.91,35.49,61.81,23.76,1.04,12.97,52.24,3.09,7.72,6.26,199.0,Moderate
Delhi,2015-09-08,63.79,219.51,25.93,38.36,60.12,27.35,1.07,10.92,61.95,3.4,9.09,3.45,217.0,Poor
Delhi,2015-09-09,58.48,195.05,20.38,36.2,55.36,22.77,1.02,11.57,68.21,2.97,7.63,3.1,238.0,Poor
Delhi,2015-09-10,60.29,184.78,20.95,42.1,59.79,24.07,1.06,11.53,68.49,3.28,8.72,3.02,230.0,Poor
Delhi,2015-09-11,67.35,181.99,16.4,46.81,56.83,34.81,1.13,10.98,68.81,3.26,9.36,2.59,218.0,Poor
Delhi,2015-09-12,87.55,178.57,20.95,54.45,67.44,46.05,1.22,10.51,69.36,3.63,11.88,2.7,226.0,Poor
Delhi,2015-09-13,84.57,171.76,16.76,45.36,54.12,51.19,1.21,9.91,64.05,2.86,9.08,2.47,202.0,Poor
Delhi,2015-09-14,111.58,236.34,22.48,60.71,75.63,43.99,1.51,10.43,79.29,4.26,12.72,3.01,274.0,Poor
Delhi,2015-09-15,108.78,217.16,14.94,56.31,63.58,46.66,1.37,10.4,75.63,3.91,19.34,2.86,289.0,Poor
Delhi,2015-09-16,91.18,190.99,8.55,46.44,42.94,49.72,1.15,9.27,69.61,2.78,9.65,2.61,235.0,Poor
Delhi,2015-09-17,104.85,250.21,23.06,60.96,73.86,48.13,1.4,11.68,85.86,4.48,13.25,3.17,285.0,Poor
Delhi,2015-09-18,56.19,129.11,14.26,43.3,48.2,40.48,1.22,10.85,48.8,3.03,9.92,2.43,209.0,Poor
Delhi,2015-09-19,67.62,125.24,19.82,49.83,58.37,47.21,1.14,9.75,51.78,3.31,12.59,2.14,132.0,Moderate
Delhi,2015-09-20,64.38,141.89,20.17,62.73,62.49,39.93,1.1,9.27,58.49,3.04,11.4,2.47,179.0,Moderate
Delhi,2015-09-21,45.65,109.7,14.64,62.69,56.18,27.96,1.16,13.55,48.02,2.71,7.95,3.01,136.0,Moderate
Delhi,2015-09-22,35.75,70.38,12.73,38.78,41.5,23.06,0.95,11.57,39.83,2.38,6.62,3.07,104.0,Moderate
Delhi,2015-09-23,34.89,101.42,16.55,31.17,43.75,18.66,0.98,12.34,37.26,2.44,6.8,3.42,95.0,Satisfactory
Delhi,2015-09-24,63.06,187.9,40.7,39.16,72.85,18.24,1.21,13.26,48.78,3.38,8.95,3.33,175.0,Moderate
Delhi,2015-09-25,82.39,222.71,53.19,45.09,89.84,22.95,1.5,11.8,53.1,4.32,12.51,3.83,290.0,Poor
Delhi,2015-09-26,88.08,254.8,66.49,45.96,103.63,29.98,1.63,11.17,54.87,5.04,15.68,4.04,282.0,Poor
Delhi,2015-09-27,89.75,252.06,53.0,44.13,92.67,30.43,1.49,9.76,68.69,5.09,14.81,3.59,298.0,Poor
Delhi,2015-09-28,69.57,190.18,24.23,43.41,63.74,26.35,1.25,10.38,53.82,3.63,10.87,3.38,240.0,Poor
Delhi,2015-09-29,68.34,172.35,22.57,48.19,64.14,25.2,1.16,10.68,54.68,3.93,10.32,3.2,188.0,Moderate
Delhi,2015-09-30,61.08,155.26,17.52,42.91,53.3,21.93,1.1,9.59,52.91,3.64,8.94,3.28,187.0,Moderate
Delhi,2015-10-01,85.7,205.18,33.0,54.68,74.28,22.52,1.49,11.42,60.57,4.79,12.88,3.43,230.0,Poor
Delhi,2015-10-02,97.62,220.56,33.74,52.53,73.05,26.24,1.58,9.77,64.01,5.39,12.8,3.85,286.0,Poor
Delhi,2015-10-03,103.58,293.23,31.0,54.93,75.48,24.31,1.72,11.41,47.52,5.83,15.27,3.42,266.0,Poor
Delhi,2015-10-04,145.97,335.82,62.2,62.84,99.01,34.91,2.26,15.08,44.92,8.8,31.87,3.87,369.0,Very Poor
Delhi,2015-10-05,180.52,347.95,80.34,75.42,116.95,36.94,3.15,17.32,45.8,10.88,44.0,3.92,375.0,Very Poor
Delhi,2015-10-06,151.57,355.56,71.68,65.07,105.02,41.76,2.19,11.35,42.22,8.42,25.57,3.79,411.0,Severe
Delhi,2015-10-07,144.04,305.35,25.78,57.05,78.07,37.01,1.73,11.15,49.32,4.97,12.91,3.37,383.0,Very Poor
Delhi,2015-10-08,148.44,291.66,35.13,58.32,80.91,29.59,1.96,12.13,66.62,5.52,14.13,3.36,388.0,Very Poor
Delhi,2015-10-09,130.22,284.27,56.83,65.15,105.26,27.47,2.5,15.27,63.16,6.66,23.59,3.36,351.0,Very Poor
Delhi,2015-10-10,147.71,287.93,100.27,61.29,117.2,29.69,2.48,13.94,58.24,8.33,33.78,3.64,320.0,Very Poor
Delhi,2015-10-11,111.34,246.3,87.94,51.83,116.75,30.83,2.02,12.01,62.02,6.34,27.16,3.05,296.0,Poor
Delhi,2015-10-12,100.7,232.58,74.45,52.92,120.68,33.46,1.98,14.75,65.55,6.67,23.22,2.46,312.0,Very Poor
Delhi,2015-10-13,97.67,189.31,25.13,48.92,64.57,35.14,1.89,11.84,73.28,4.2,16.19,2.24,260.0,Poor
Delhi,2015-10-14,75.81,155.25,14.33,43.47,53.25,28.75,1.61,10.89,67.89,3.12,11.08,1.99,204.0,Poor
Delhi,2015-10-15,95.24,199.77,42.32,60.8,100.2,31.11,2.13,10.84,77.91,5.4,20.03,2.1,218.0,Poor
Delhi,2015-10-16,148.29,301.61,60.16,68.24,105.17,33.05,2.07,11.98,84.74,7.38,24.65,,356.0,Very Poor
Delhi,2015-10-17,90.66,137.89,38.65,20.29,55.07,6.78,1.62,7.56,44.21,3.83,12.78,1.68,388.0,Very Poor
Delhi,2015-10-18,156.71,263.15,27.5,41.09,62.19,21.49,1.63,10.14,71.1,4.64,12.33,1.93,298.0,Poor
Delhi,2015-10-19,170.28,312.88,56.52,61.67,97.82,33.27,2.08,16.24,92.96,7.19,24.25,1.95,392.0,Very Poor
Delhi,2015-10-20,198.1,336.47,91.29,74.62,155.1,36.75,2.17,16.73,101.74,9.5,38.8,1.96,428.0,Severe
Delhi,2015-10-21,158.04,265.39,23.76,46.9,69.79,37.48,2.98,15.64,79.5,4.73,11.36,2.02,384.0,Very Poor
Delhi,2015-10-22,116.98,213.49,24.37,32.96,54.18,22.53,2.6,13.27,48.74,3.61,7.79,2.02,292.0,Poor
Delhi,2015-10-23,143.73,289.01,54.93,67.38,104.71,30.27,2.05,21.35,69.55,7.29,17.19,2.0,343.0,Very Poor
Delhi,2015-10-24,169.22,341.7,90.18,71.38,122.15,34.26,3.07,18.2,47.92,10.19,29.74,1.94,383.0,Very Poor
Delhi,2015-10-25,147.65,281.8,33.05,56.46,81.78,28.26,1.78,13.81,65.83,6.17,28.38,1.88,374.0,Very Poor
Delhi,2015-10-26,101.61,214.37,23.78,47.8,61.15,23.85,1.58,20.57,85.73,4.59,13.39,1.82,263.0,Poor
Delhi,2015-10-27,113.2,260.46,30.2,49.25,75.03,26.14,1.74,21.2,63.88,6.18,16.14,2.02,334.0,Very Poor
Delhi,2015-10-28,112.89,254.24,32.12,43.78,74.53,22.81,2.07,18.61,71.98,4.85,15.43,2.03,333.0,Very Poor
Delhi,2015-10-29,95.72,183.08,25.74,57.74,77.86,25.55,1.89,24.29,73.26,4.13,11.41,1.97,262.0,Poor
Delhi,2015-10-30,108.4,156.58,24.98,42.63,55.71,28.72,2.29,18.92,60.56,2.75,7.03,1.96,236.0,Poor
Delhi,2015-10-31,245.97,274.06,36.55,35.11,58.72,35.77,1.74,17.66,42.32,1.95,4.3,1.94,340.0,Very Poor
Delhi,2015-11-01,277.53,379.38,60.39,60.17,94.74,51.64,2.41,28.58,84.99,5.45,13.75,3.5,415.0,Severe
Delhi,2015-11-02,232.4,361.0,67.14,68.4,115.98,42.75,2.05,31.66,136.67,8.28,20.6,23.3,420.0,Severe
Delhi,2015-11-03,244.78,385.66,51.06,82.74,112.71,45.66,2.09,29.19,99.91,6.91,17.35,2.55,407.0,Severe
Delhi,2015-11-04,293.49,401.49,105.88,87.47,137.62,56.81,2.54,31.58,114.43,7.99,28.6,1.75,454.0,Severe
Delhi,2015-11-05,161.78,234.94,44.61,63.78,97.34,45.99,1.76,21.21,75.71,4.34,18.32,1.63,388.0,Very Poor
Delhi,2015-11-06,153.33,260.04,35.14,58.13,86.38,46.52,2.56,20.9,69.95,4.37,13.52,1.34,276.0,Poor
Delhi,2015-11-07,353.86,496.61,42.74,86.59,117.97,67.43,2.76,19.96,107.69,7.34,16.38,1.46,483.0,Severe
Delhi,2015-11-08,217.55,356.92,32.59,75.98,98.5,49.64,2.84,31.77,103.4,4.83,9.61,1.35,451.0,Severe
Delhi,2015-11-09,201.44,364.2,88.69,79.2,134.41,55.64,2.01,40.75,108.12,7.16,21.36,1.19,378.0,Very Poor
Delhi,2015-11-10,249.95,452.96,88.06,84.89,150.79,69.34,2.64,33.72,115.45,8.75,21.95,2.86,439.0,Severe
Delhi,2015-11-11,219.68,408.52,24.64,55.72,71.78,48.34,1.5,25.96,89.58,3.82,8.83,0.0,431.0,Severe
Delhi,2015-11-12,258.48,398.16,30.46,54.69,81.68,47.57,1.84,28.58,75.26,3.64,6.94,0.0,421.0,Severe
Delhi,2015-11-13,291.66,469.38,27.58,61.66,84.27,50.58,1.75,21.15,101.14,4.46,10.11,0.0,454.0,Severe
Delhi,2015-11-14,221.68,377.4,19.84,60.05,69.37,48.04,1.72,21.27,90.08,3.98,10.55,0.0,450.0,Severe
Delhi,2015-11-15,214.24,342.13,49.66,83.62,95.98,49.4,2.1,22.68,101.15,5.57,17.11,0.0,367.0,Very Poor
Delhi,2015-11-16,184.02,323.56,81.18,85.03,129.22,60.07,2.26,21.27,94.79,5.86,20.12,0.0,383.0,Very Poor
Delhi,2015-11-17,136.22,280.47,44.56,57.11,77.4,41.89,2.1,17.53,71.44,2.86,8.42,0.0,347.0,Very Poor
Delhi,2015-11-18,188.09,367.46,74.07,74.39,118.88,45.24,2.3,21.78,86.88,5.15,15.24,1.01,369.0,Very Poor
Delhi,2015-11-19,238.69,397.16,106.26,96.62,150.98,55.18,2.87,25.59,101.68,7.31,22.27,3.09,392.0,Very Poor
Delhi,2015-11-20,271.42,470.08,139.98,101.44,164.44,64.78,3.28,26.81,124.74,9.41,35.26,3.45,455.0,Severe
Delhi,2015-11-21,293.73,467.32,102.06,97.76,144.12,63.08,2.96,23.06,114.3,9.99,30.62,2.42,450.0,Severe
Delhi,2015-11-22,247.27,450.96,101.94,92.32,146.25,63.4,2.73,20.77,116.29,7.9,23.75,2.05,478.0,Severe
Delhi,2015-11-23,266.95,419.98,123.99,105.29,164.08,74.83,3.49,24.92,132.26,9.04,29.47,3.81,431.0,Severe
Delhi,2015-11-24,241.61,424.09,115.23,88.74,165.41,67.9,2.6,19.65,113.35,9.14,27.7,4.27,440.0,Severe
Delhi,2015-11-25,149.14,312.85,33.11,54.63,83.28,35.62,1.98,15.97,81.11,3.31,9.24,0.95,376.0,Very Poor
Delhi,2015-11-26,182.5,317.46,91.98,69.29,144.14,40.68,1.84,21.35,93.71,4.48,12.18,1.03,347.0,Very Poor
Delhi,2015-11-27,193.58,343.26,60.96,71.35,121.32,57.48,1.71,19.49,90.46,4.05,12.37,0.02,343.0,Very Poor
Delhi,2015-11-28,172.89,294.29,32.3,47.21,73.76,60.1,1.43,17.09,70.51,2.54,6.88,0.0,362.0,Very Poor
Delhi,2015-11-29,190.46,342.59,64.72,51.84,99.82,59.13,1.88,20.73,67.97,3.2,10.58,0.01,319.0,Very Poor
Delhi,2015-11-30,282.76,419.33,116.54,78.48,159.5,73.94,2.51,24.51,131.34,6.23,20.23,0.0,425.0,Severe
Delhi,2015-12-01,183.28,371.83,56.71,83.03,118.88,57.35,1.77,16.48,93.52,4.34,12.02,0.01,400.0,Very Poor
Delhi,2015-12-02,170.74,399.64,61.75,95.99,132.93,52.71,1.87,19.04,88.0,4.38,13.3,,386.0,Very Poor
Delhi,2015-12-03,190.14,412.29,43.24,92.91,109.61,52.48,1.74,19.24,86.19,5.0,12.33,,385.0,Very Poor
Delhi,2015-12-04,186.64,352.14,64.77,79.52,113.72,43.76,2.28,20.76,88.93,4.47,12.74,,392.0,Very Poor
Delhi,2015-12-05,282.01,433.03,154.15,121.11,196.54,68.78,3.4,31.36,129.79,8.33,27.44,,428.0,Severe
Delhi,2015-12-06,218.22,439.01,129.37,113.45,178.2,75.74,3.24,34.05,122.22,6.89,23.51,,394.0,Very Poor
Delhi,2015-12-07,249.8,421.49,73.33,103.77,136.43,81.3,3.07,22.34,103.29,4.31,11.83,,440.0,Severe
Delhi,2015-12-08,283.59,478.19,147.22,140.09,204.44,90.35,3.33,23.41,139.79,6.01,20.92,,437.0,Severe
Delhi,2015-12-09,250.69,411.48,82.24,93.99,134.24,61.29,2.74,21.72,131.99,4.96,18.16,,431.0,Severe
Delhi,2015-12-10,211.95,386.66,51.4,78.05,114.36,50.46,2.46,22.11,123.11,3.55,9.96,,383.0,Very Poor
Delhi,2015-12-11,198.38,410.6,57.61,64.21,116.75,57.97,2.1,18.41,119.41,3.74,9.49,,377.0,Very Poor
Delhi,2015-12-12,184.12,385.05,47.72,55.01,94.66,49.91,1.91,16.09,122.43,3.91,8.27,,379.0,Very Poor
Delhi,2015-12-13,135.42,338.3,71.54,63.9,118.56,37.83,2.01,18.89,101.58,3.98,9.07,,333.0,Very Poor
Delhi,2015-12-14,118.6,380.24,56.5,59.09,102.21,38.84,2.7,13.66,79.22,3.4,8.61,,314.0,Very Poor
Delhi,2015-12-15,88.3,,43.65,40.52,63.37,34.31,1.86,14.88,25.23,2.31,8.74,,174.0,Moderate
Delhi,2015-12-16,111.45,,75.23,34.44,90.72,52.2,1.75,14.56,38.16,3.23,12.95,,244.0,Poor
Delhi,2015-12-17,152.24,,54.06,23.07,71.32,59.43,1.89,19.41,29.89,3.07,11.7,,308.0,Very Poor
Delhi,2015-12-18,136.75,,49.33,25.24,62.42,65.5,1.52,19.87,20.82,2.76,10.34,,320.0,Very Poor
Delhi,2015-12-19,114.35,,47.8,26.84,56.46,74.04,1.94,13.17,33.06,2.59,9.92,,270.0,Poor
Delhi,2015-12-20,181.67,,100.08,111.18,139.46,126.19,21.22,18.97,20.58,5.34,20.47,,320.0,Very Poor
Delhi,2015-12-21,135.78,,62.51,78.99,89.78,100.15,29.46,15.59,20.57,3.02,11.55,,313.0,Very Poor
Delhi,2015-12-22,204.72,391.9,136.41,136.15,180.15,163.07,11.45,23.64,57.16,6.91,24.84,,326.0,Very Poor
Delhi,2015-12-23,321.52,589.93,110.63,102.69,165.11,108.68,2.94,22.66,111.69,9.0,27.03,,459.0,Severe
Delhi,2015-12-24,129.08,486.66,20.45,55.01,53.4,65.53,30.44,13.43,32.42,3.46,6.92,,314.0,Very Poor
Delhi,2015-12-25,132.56,294.13,37.27,71.91,91.68,62.62,9.61,17.57,75.29,3.54,7.58,,304.0,Very Poor
Delhi,2015-12-26,158.69,331.93,52.6,88.96,109.95,69.77,10.3,21.02,88.64,3.76,7.95,,310.0,Very Poor
Delhi,2015-12-27,187.01,375.13,34.43,90.57,99.66,72.76,11.3,21.41,98.88,3.82,7.0,,370.0,Very Poor
Delhi,2015-12-28,148.77,332.68,23.26,75.69,71.74,69.14,9.27,20.34,85.96,3.02,5.12,,328.0,Very Poor
Delhi,2015-12-29,159.67,325.05,33.33,73.11,82.43,60.62,2.32,21.23,82.69,3.4,6.16,,331.0,Very Poor
Delhi,2015-12-30,233.97,391.19,68.54,87.4,133.08,72.74,1.94,22.31,94.75,5.31,12.28,,412.0,Severe
Delhi,2015-12-31,240.97,389.18,85.66,72.93,131.21,72.69,2.38,24.08,87.26,5.58,16.21,0.0,433.0,Severe
